firstName,lastName,party,tags
Daniel,Lawson,Lawson Family,family
Lincoln,Carter,Carter Family,family
Savannah,Edwards,Edwards Family,family
James,Nguyen,,coworkers
Skylar,Underwood,Underwood Party,coworkers
Adam,Mitchell,Mitchell Family,family
Audrey,Underwood,Underwood Party,coworkers
Gabriel,Henderson,,plus-one
John,Kim,Kim Family,wedding-party
Isabella,Sullivan,Sullivan Family,family
Wesley,Zimmerman,,coworkers
Stella,Brooks,,friends
Claire,Quinn,Quinn Family,wedding-party
Andrew,Mitchell,Mitchell Party,coworkers
Chloe,Underwood,Underwood Family,wedding-party
Emma,Sullivan,,friends
Scarlett,Kim,Kim Family,wedding-party
Eli,Sullivan,Sullivan Family,family
Caleb,Reeves,Reeves Family,family
Lucas,Kim,Kim Party,friends
Roman,Reeves,Reeves Family,family
Nathan,Lawson,,friends
Mia,Quinn,,friends
Brooklyn,Lawson,Lawson Family,family
Layla,Foster,,friends
Savannah,Mitchell,Mitchell Family,family
Christopher,Bennett,Bennett Family,family
Sofia,Zimmerman,Zimmerman Family,family
Paisley,Sullivan,Sullivan Family,family
Henry,Mitchell,Mitchell Family,family
Sebastian,Ibarra,,friends
Stella,Lawson,Lawson Family,family
Ivy,Reeves,Reeves Family,family
Nathan,Zimmerman,Zimmerman Family,family
John,Mitchell,Mitchell Party,coworkers
Amelia,Alvarez,,college
Caleb,Diaz,Diaz Family,family
Brooklyn,Zimmerman,Zimmerman Family,family
John,Diaz,Diaz Family,family
Sophia,Carter,Carter Family,family
Layla,Kim,Kim Party,friends
Mason,Diaz,,friends
Genesis,Zimmerman,Zimmerman Family,family
Mason,Sullivan,Sullivan Family,family
Claire,Reeves,Reeves Family,family
Addison,Carter,Carter Family,family
Leah,Sullivan,Sullivan Family,family
Adrian,Parker,,coworkers
Noah,Carter,Carter Party,friends
Nora,Vasquez,,family
Harper,Underwood,,plus-one
Isaac,Garcia,,coworkers
Joseph,Edwards,Edwards Party,coworkers
Ryan,Lawson,Lawson Family,family
Claire,Obrien,,family
Penelope,Jenkins,,coworkers
Luke,Reeves,Reeves Family,family
Camila,Quinn,Quinn Family,wedding-party
Benjamin,Bennett,,coworkers
Emily,Bennett,Bennett Family,family
Audrey,Lawson,Lawson Family,family
Asher,Reeves,,college
Nathan,Diaz,Diaz Family,wedding-party
Dylan,Delgado,,coworkers
Zoey,Mitchell,,plus-one
Penelope,Bennett,Bennett Party,coworkers
Adam,Kim,Kim Family,wedding-party
Samuel,Young,,friends
Lucas,Edwards,Edwards Family,family
Wyatt,Zimmerman,Zimmerman Family,wedding-party
Benjamin,Anderson,,family
Isabella,Thompson,,friends
Luke,Sullivan,Sullivan Family,family
Liam,Walker,,family
Ella,Edwards,Edwards Family,family
Charles,Sullivan,Sullivan Family,family
Benjamin,Lawson,Lawson Family,family
Nathan,Xiong,,family
Riley,Quinn,Quinn Family,wedding-party
Wesley,Underwood,Underwood Family,wedding-party
Savannah,Carter,Carter Party,friends
Savannah,Diaz,Diaz Family,family
Audrey,Bennett,Bennett Party,coworkers
Ruby,Edwards,Edwards Party,coworkers
Jaxon,Edwards,,plus-one
Lucas,Lawson,Lawson Family,family
Brooklyn,Diaz,Diaz Family,wedding-party
Wyatt,Lawson,Lawson Family,family
Gabriel,Reeves,Reeves Party,family
Evelyn,Reeves,Reeves Party,family
Eleanor,Diaz,Diaz Family,wedding-party
Henry,Bennett,Bennett Family,family
Nathan,Kim,,friends
Mateo,Underwood,Underwood Family,wedding-party
Roman,Quinn,Quinn Family,wedding-party
Grayson,Chen,,plus-one
Nolan,Diaz,Diaz Family,family
Julian,Bennett,Bennett Family,family
Carter,Carter,,college
Emilia,Sullivan,Sullivan Family,family
